{"cameraMode":{"drawMode":0,"name":"Shaded","section":"Shading Mode"},"sceneLighting":false,"audioPlay":false,"sceneViewState":{"showFog":true,"showMaterialUpdate":true,"showSkybox":false,"showFlares":true,"showImageEffects":true,"showParticleSystems":true},"in2DMode":false,"pivot":{"x":-0.05946218967437744,"y":27.230575561523439,"z":-3.563352346420288},"rotation":{"x":0.2540062367916107,"y":-0.5969997048377991,"z":0.20709086954593659,"w":0.7322465777397156},"size":3.4287850856781008,"orthographic":false}