{"cameraMode":{"drawMode":0,"name":"Shaded","section":"Shading Mode"},"sceneLighting":false,"audioPlay":false,"sceneViewState":{"showFog":true,"showMaterialUpdate":true,"showSkybox":false,"showFlares":true,"showImageEffects":true,"showParticleSystems":true},"in2DMode":false,"pivot":{"x":0.04833972454071045,"y":27.47119903564453,"z":-3.461202621459961},"rotation":{"x":0.018937118351459504,"y":0.23824186623096467,"z":-0.0046462733298540119,"w":0.971010148525238},"size":2.433398723602295,"orthographic":false}